{"TrainLoss": 2.922788381576538, "TestLoss": 3.220517706871033, "TimePerEpoch": 35.53939390182495, "q_entropy": 0.021526549011468887, "Twist2point": 0, "_runtime": 44, "_timestamp": 1640870130, "_step": 0, "_wandb": {"runtime": 45}}